{"cameraMode":{"drawMode":0,"name":"Shaded","section":"Shading Mode"},"sceneLighting":true,"audioPlay":false,"sceneViewState":{"m_AlwaysRefresh":false,"showFog":true,"showSkybox":true,"showFlares":true,"showImageEffects":true,"showParticleSystems":true,"showVisualEffectGraphs":true,"m_FxEnabled":true},"in2DMode":false,"pivot":{"x":-3.1433403491973879,"y":0.4060920476913452,"z":9.8096923828125},"rotation":{"x":0.41547515988349917,"y":0.19003066420555116,"z":-0.08920673280954361,"w":0.8850514888763428},"size":10.453967094421387,"orthographic":false}