{"cameraMode":{"drawMode":0,"name":"Shaded","section":"Shading Mode"},"sceneLighting":false,"audioPlay":false,"sceneViewState":{"m_AlwaysRefresh":false,"showFog":true,"showSkybox":false,"showFlares":true,"showImageEffects":true,"showParticleSystems":true,"showVisualEffectGraphs":true,"m_FxEnabled":true},"in2DMode":false,"pivot":{"x":0.6161048412322998,"y":-0.18638797104358674,"z":-0.7796470522880554},"rotation":{"x":0.0037779591511934997,"y":-0.7823944687843323,"z":0.00466246297582984,"w":0.6228182315826416},"size":1.4271671772003174,"orthographic":false}